ENSG00000003987::ENSG00000111300	MTMR7::NAA25	400.653	8.23529	70	4;12;	PASS:GF	8:17309275-17309325;12:112026695-112029652;
ENSG00000006695::ENSG00000138606	COX10::SHF	155.056	106	53	0;0;	PASS:GF	17:14069495-14069648;15:45167229-45168135;
ENSG00000007237::ENSG00000170423	GAS7::KRT78	642.317	26.75	107	7;0;	PASS:GF	17:9910608-9917340;12:52846196-52846291;
ENSG00000007516::ENSG00000166133	BAIAP3::RPUSD2	305.26	49	49	1;0;	PASS:GF	16:1344966-1345098;15:40569299-40569946;
ENSG00000007944::ENSG00000116745	MYLIP::RPE65	38.1574	12	6	0;0;	PASS:GF	6:16129124-16129408;1:68428821-68429926;
ENSG00000010282::ENSG00000119541	HHATL::VPS4B	197.147	5.33333	32	0;11;	PASS:GF	3:42698290-42698350;18:63403705-63403825;
ENSG00000011465::ENSG00000165555	DCN::NOXRED1	121.025	38	57	0;2;	PASS:GF	12:91146059-91146207;14:77406652-77406874;
ENSG00000011465::ENSG00000261611	DCN::	17.8511	18	9	0;0;	PASS:GF	12:91146061-91146207;16:71447599-71449884;
ENSG00000011485::ENSG00000018510	PPP5C::AGPS	315.568	18.6667	56	2;3;	PASS:GF	19:46347100-46347216;2:177493143-177493198;
ENSG00000013523::ENSG00000203747	ANGEL1::FCGR3A	110.927	28	28	0;1;	PASS:GF	14:76812763-76812939;1:161541763-161543198;
ENSG00000031698::ENSG00000153832	SARS1::FBXO36	712.272	224	112	0;0;	PASS:GF	1:109237728-109238147;2:229922495-229922608;
ENSG00000039068::ENSG00000188229	CDH1::TUBB4B	521.311	49	98	1;2;	PASS:GF	16:68815513-68815758;9:137241212-137241416;
ENSG00000048052::ENSG00000166147	HDAC9::FBN1	57.2362	18	9	0;0;	PASS:GF	7:18509272-18509445;15:48410073-48411378;
ENSG00000053918::ENSG00000126233	KCNQ1::SLURP1	82.6745	30	15	0;0;	PASS:GF	11:2461435-2461713;8:142740943-142741275;
ENSG00000054793::ENSG00000129911	ATP9A::KLF16	69.9553	11	11	1;0;	PASS:GF	20:51600862-51601346;19:1863038-1863496;
ENSG00000061337::ENSG00000138823	LZTS1::MTTP	127.191	1.33333	20	29;0;	PASS:GF	8:20246164-20250362;4:99564082-99564426;
ENSG00000065243::ENSG00000162989	PKN2::KCNJ3	278.637	25.1111	113	8;0;	PASS:GF	1:88786102-88786212;2:154698298-154699476;
ENSG00000065328::ENSG00000275489	MCM10::SPMAP1	502.406	8.63158	82	18;0;	PASS:GF	10:13170919-13171262;17:38841182-38841454;
ENSG00000065621::ENSG00000204918	GSTO2::PRR20B	60.5793	6.57143	23	6;0;	PASS:GF	10:104269180-104269268;13:57148945-57150508;
ENSG00000065621::ENSG00000204919	GSTO2::PRR20A	52.2014	6	21	6;0;	PASS:GF	10:104269180-104269268;13:57142375-57143938;
ENSG00000065621::ENSG00000227151	GSTO2::PRR20D	32.7616	3.71429	13	6;0;	PASS:GF	10:104269180-104269268;13:57162089-57163652;
ENSG00000065621::ENSG00000229665	GSTO2::PRR20C	69.4381	7.42857	26	6;0;	PASS:GF	10:104269180-104269268;13:57155518-57157081;
ENSG00000065621::ENSG00000234278	GSTO2::PRR20E	49.5913	6	21	6;0;	PASS:GF	10:104269180-104269268;13:57168654-57170217;
ENSG00000069943::ENSG00000100523	PIGB::DDHD1	50.8766	16	8	0;0;	PASS:GF	15:55341741-55341801;14:53103682-53103855;
ENSG00000071082::ENSG00000169604	RPL31::ANTXR1	189.395	24.6667	37	0;2;	PASS:GF	2:101004155-101006366;2:69013177-69013650;
ENSG00000074054::ENSG00000198113	CLASP1::TOR4A	38.1574	6	6	1;0;	PASS:GF	2:121530248-121530324;9:137278651-137282640;
ENSG00000075089::ENSG00000181322	ACTR6::NME9	642.317	101	101	0;1;	PASS:GF	12:100199121-100199229;3:138261436-138262585;
ENSG00000075290::ENSG00000104755	WNT8B::ADAM2	623.238	32.6667	98	3;2;	PASS:GF	10:100463040-100463235;8:39743734-39744063;
ENSG00000075643::ENSG00000169213	MOCOS::RAB3B	76.3149	24	12	0;0;	PASS:GF	18:36187518-36187680;1:51907955-51920113;
ENSG00000077097::ENSG00000161813	TOP2B::LARP4	89.034	9.33333	14	2;0;	PASS:GF	3:25598100-25598476;12:50400888-50401027;
ENSG00000077264::ENSG00000137821	PAK3::LRRC49	76.3149	12	12	0;1;	PASS:GF	X:111146516-111146564;15:70892795-70892941;
ENSG00000078114::ENSG00000169231	NEBL::THBS3	69.9553	5.5	11	0;3;	PASS:GF	10:21146341-21146558;1:155195587-155195898;
ENSG00000080503::ENSG00000152359	SMARCA2::POC5	209.866	9.75	39	7;0;	PASS:GF	9:2073211-2073341;5:75692395-75692499;
ENSG00000080644::ENSG00000167554	CHRNA3::ZNF610	44.517	14	7	0;0;	PASS:GF	15:78601251-78602263;19:52353679-52353807;
ENSG00000080839::ENSG00000117133	RBL1::RPF1	277.655	12.5	50	7;0;	PASS:GF	20:37061101-37061268;1:84480955-84481011;
ENSG00000081870::ENSG00000187446	IFT25::CHP1	356.136	114	57	0;0;	PASS:GF	1:53916573-53917115;15:41231142-41231448;
ENSG00000084733::ENSG00000106976	RAB10::DNM1	572.362	21.3333	96	3;5;	PASS:GF	2:26109765-26109905;9:128203378-128203630;
ENSG00000084774::ENSG00000114166	CAD::KAT2B	362.496	57	57	0;1;	PASS:GF	2:27239117-27239231;3:20146312-20146429;
ENSG00000085514::ENSG00000198740	PILRA::ZNF652	623.238	34	102	1;4;	PASS:GF	7:100399583-100399611;17:49316824-49317982;
ENSG00000088538::ENSG00000165782	DOCK3::PIP4P1	222.585	12.5714	44	4;2;	PASS:GF	3:50675240-50675299;14:20458385-20458701;
ENSG00000088882::ENSG00000198353	CPXM1::HOXC4	324.338	51	51	1;0;	PASS:GF	20:2798725-2798892;12:54054846-54055326;
ENSG00000089094::ENSG00000131183	KDM2B::SLC34A1	203.506	27	54	3;0;	PASS:GF	12:121445274-121445417;5:177385984-177386135;
ENSG00000089289::ENSG00000204315	IGBP1::FKBPL	44.517	14	7	0;0;	PASS:GF	X:70133462-70133539;6:32128706-32129858;
ENSG00000089692::ENSG00000119125	LAG3::GDA	57.2362	18	9	0;0;	PASS:GF	12:6775273-6775732;9:72149376-72149681;
ENSG00000091592::ENSG00000101220	NLRP1::ADISSP	44.517	6	9	2;0;	PASS:GF	17:5517743-5517886;20:3753507-3754157;
ENSG00000092094::ENSG00000101546	OSGEP::RBFA	559.643	91	91	0;1;	PASS:GF	14:20447138-20447278;18:80034357-80034652;
ENSG00000096092::ENSG00000124523	TMEM14A::SIRT5	470.608	41.2	103	4;0;	PASS:GF	6:52684072-52684164;6:13574598-13574623;
ENSG00000099377::ENSG00000133313	HSD3B7::CNDP2	22.6657	12	6	0;0;	PASS:GF	16:30986047-30986203;18:74499862-74500032;
ENSG00000099984::ENSG00000100079	GSTT2::LGALS2	172.56	38	57	2;0;	PASS:GF	22:23980175-23980308;22:37570247-37570413;
ENSG00000100056::ENSG00000149541	ESS2::B3GAT3	339.852	31.6	79	3;1;	PASS:GF	22:19130278-19134474;11:62616505-62616795;
ENSG00000100079::ENSG00000133433	LGALS2::GSTT2B	160.66	36	54	0;2;	PASS:GF	22:37570247-37570413;22:23960293-23960380;
ENSG00000100285::ENSG00000170175	NEFH::CHRNB1	194.22	40	40	0;1;	PASS:GF	22:29480229-29481144;17:7455281-7455455;
ENSG00000100994::ENSG00000148704	PYGB::VAX1	648.677	30.2857	106	6;0;	PASS:GF	20:25248068-25248420;10:117133289-117134582;
ENSG00000101203::ENSG00000214063	COL20A1::TSPAN4	267.102	44	44	0;1;	PASS:GF	20:63316552-63316690;11:842811-842914;
ENSG00000101310::ENSG00000197279	SEC23B::ZNF165	228.771	68	102	1;1;	PASS:GF	20:18542367-18542401;6:28085471-28085890;
ENSG00000101435::ENSG00000186810	CST9L::CXCR3	642.317	104	104	1;0;	PASS:GF	20:23565971-23566086;X:71615915-71617458;
ENSG00000101473::ENSG00000135114	ACOT8::OASL	56.6643	20	10	0;0;	PASS:GF	20:45842746-45843397;12:121038772-121039155;
ENSG00000101746::ENSG00000155366	NOL4::RHOC	57.2362	18	9	0;0;	PASS:GF	18:33883364-33883423;1:112703643-112703805;
ENSG00000101773::ENSG00000204379	RBBP8::XAGE1A	197.254	42.6667	64	1;1;	PASS:GF	18:23016824-23016923;X:52495667-52495908;
ENSG00000101773::ENSG00000204382	RBBP8::XAGE1B	119.37	43	43	1;0;	PASS:GF	18:23016824-23016923;X:52514777-52514903;
ENSG00000101844::ENSG00000133059	ATG4A::DSTYK	292.54	32.6667	49	0;2;	PASS:GF	X:108134334-108134410;1:205150679-205150793;
ENSG00000102048::ENSG00000185905	ASB9::C16orf54	591.44	94	94	1;0;	PASS:GF	X:15254736-15254843;16:29742462-29744955;
ENSG00000102218::ENSG00000174206	RP2::KICS2	260.743	17.2	43	1;3;	PASS:GF	X:46836939-46837201;12:64192640-64194657;
ENSG00000102302::ENSG00000198515	FGD1::CNGA1	292.54	92	46	0;0;	PASS:GF	X:54495125-54496165;4:47949832-47949894;
ENSG00000102898::ENSG00000166278	NUTF2::C2	260.743	28	42	1;1;	PASS:GF	16:67868336-67868410;6:31919983-31920025;
ENSG00000102924::ENSG00000239389	CBLN1::PCDHA13	267.935	90	45	0;0;	PASS:GF	16:49281201-49281830;5:140978945-140979006;
ENSG00000102934::ENSG00000189064	PLLP::GAGE2A	20.4233	2.28571	8	6;0;	PASS:GF	16:57258460-57258583;X:49594116-49594242;
ENSG00000102934::ENSG00000215269	PLLP::GAGE12G	33.9309	3.71429	13	6;0;	PASS:GF	16:57258460-57258583;X:49575046-49575172;
ENSG00000102934::ENSG00000216649	PLLP::GAGE12E	39.5082	4.28571	15	6;0;	PASS:GF	16:57258460-57258583;X:49555934-49556060;
ENSG00000102934::ENSG00000224902	PLLP::GAGE12H	22.1184	2.57143	9	6;0;	PASS:GF	16:57258460-57258583;X:49584594-49584720;
ENSG00000102934::ENSG00000227488	PLLP::GAGE12D	47.8489	5.14286	18	6;0;	PASS:GF	16:57258460-57258583;X:49546378-49546504;
ENSG00000102934::ENSG00000236362	PLLP::GAGE12F	28.4549	3.14286	11	6;0;	PASS:GF	16:57258460-57258583;X:49565493-49565619;
ENSG00000102934::ENSG00000237671	PLLP::GAGE12C	33.9309	3.71429	13	6;0;	PASS:GF	16:57258460-57258583;X:49536822-49536948;
ENSG00000102970::ENSG00000124939	CCL17::SCGB2A1	292.54	46	46	0;1;	PASS:GF	16:57415079-57415197;11:62208667-62208785;
ENSG00000103342::ENSG00000198021	GSPT1::SPANXA1	31.5658	6	6	1;0;	PASS:GF	16:11885180-11885273;X:141583674-141583960;
ENSG00000103355::ENSG00000165410	PRSS33::CFL2	25.4383	12	6	0;0;	PASS:GF	16:2783952-2785173;14:34713060-34713135;
ENSG00000103404::ENSG00000167186	USP31::COQ7	36.8267	24	12	0;0;	PASS:GF	16:23072042-23072547;16:19071782-19072105;
ENSG00000104880::ENSG00000166118	ARHGEF18::SPATA19	42.4909	14	14	1;0;	PASS:GF	19:7462149-7462333;11:133844245-133844336;
ENSG00000105246::ENSG00000148175	EBI3::STOM	89.034	28	14	0;0;	PASS:GF	19:4234665-4234823;9:121353219-121353301;
ENSG00000105287::ENSG00000166526	PRKD2::ZNF3	269.829	14.6667	88	8;3;	PASS:GF	19:46674507-46674734;7:100075134-100075260;
ENSG00000105373::ENSG00000187537	NOP53::POTEG	165.349	49	49	0;1;	PASS:GF	19:47750245-47750285;14:19402872-19403108;
ENSG00000105519::ENSG00000163510	CAPS::CWC22	44.517	20	10	0;0;	PASS:GF	19:5914382-5914488;2:179970500-179970562;
ENSG00000105792::ENSG00000205442	CFAP69::IZUMO3	267.102	21	42	0;3;	PASS:GF	7:90310066-90310299;9:24544969-24545060;
ENSG00000106246::ENSG00000135070	PTCD1::ISCA1	102.714	8.22222	37	8;0;	PASS:GF	7:99416737-99420148;9:86282373-86282537;
ENSG00000106258::ENSG00000182168	CYP3A5::UNC5C	481.646	21.25	85	2;5;	PASS:GF	7:99648199-99648399;4:95206627-95206795;
ENSG00000106261::ENSG00000116584	ZKSCAN1::ARHGEF2	585.081	186	93	0;0;	PASS:GF	7:100015602-100015725;1:155963126-155963182;
ENSG00000106733::ENSG00000162745	NMRK1::OLFML2B	585.081	65.3333	98	2;0;	PASS:GF	9:75061199-75061566;1:161997824-161998348;
ENSG00000107186::ENSG00000147123	MPDZ::NDUFB11	394.294	3.6	72	39;0;	PASS:GF	9:13126514-13126589;X:47142219-47142441;
ENSG00000108010::ENSG00000177669	GLRX3::MBOAT4	107.895	30	30	1;0;	PASS:GF	10:130136398-130136511;8:30131823-30132906;
ENSG00000109113::ENSG00000176170	RAB34::SPHK1	540.564	88	88	1;0;	PASS:GF	17:28715031-28715121;17:76386219-76386314;
ENSG00000109971::ENSG00000135373	HSPA8::EHF	50.8766	18	9	0;0;	PASS:GF	11:123058631-123058829;11:34658531-34658727;
ENSG00000109991::ENSG00000254470	P2RX3::AP5B1	63.5957	20	10	0;0;	PASS:GF	11:57338516-57338668;11:65775892-65780344;
ENSG00000110721::ENSG00000131480	CHKA::AOC2	517.221	41.6	104	1;3;	PASS:GF	11:68053514-68054046;17:42844600-42846213;
ENSG00000110911::ENSG00000149428	SLC11A2::HYOU1	534.204	59	118	3;0;	PASS:GF	12:50999173-50999240;11:119056067-119056166;
ENSG00000111344::ENSG00000165055	RASAL1::METTL2B	311.653	110	55	0;0;	PASS:GF	12:113099507-113100067;7:128476753-128476874;
ENSG00000111729::ENSG00000112232	CLEC4A::KHDRBS2	598.761	27.5	110	3;4;	PASS:GF	12:8123878-8123959;6:61679959-61681059;
ENSG00000111752::ENSG00000169340	PHC1::PDILT	298.9	16	48	3;2;	PASS:GF	12:8914740-8914826;16:20359169-20359566;
ENSG00000111897::ENSG00000160193	SERINC1::WDR4	642.317	40.8	102	0;4;	PASS:GF	6:122456479-122456649;21:42843093-42843280;
ENSG00000112077::ENSG00000198920	RHAG::KIAA0753	481.646	36.8	92	1;3;	PASS:GF	6:49606847-49606920;17:6579388-6579863;
ENSG00000112874::ENSG00000134283	NUDT12::PPHLN1	674.115	23.5556	106	4;4;	PASS:GF	5:103548854-103550970;12:42326177-42326228;
ENSG00000112977::ENSG00000153823	DAP::PID1	15.7409	5.33333	8	0;2;	PASS:GF	5:10680433-10681170;2:229155816-229155963;
ENSG00000112996::ENSG00000213903	MRPS30::LTB4R	44.517	14	7	0;0;	PASS:GF	5:44808924-44809562;14:24315634-24315957;
ENSG00000113070::ENSG00000153551	HBEGF::CMTM7	635.957	14.5714	102	12;1;	PASS:GF	5:140332842-140334279;3:32449514-32449551;
ENSG00000114113::ENSG00000181350	RBP2::LRRC75A	387.934	148	74	0;0;	PASS:GF	3:139476386-139476512;17:16491744-16492152;
ENSG00000114115::ENSG00000131153	RBP1::GINS2	50.8766	16	8	0;0;	PASS:GF	3:139526404-139527341;16:85681580-85681680;
ENSG00000114209::ENSG00000212123	PDCD10::PRR22	324.338	104	52	0;0;	PASS:GF	3:167697007-167697125;19:5782959-5784052;
ENSG00000114656::ENSG00000170381	CFAP92::SEMA3E	572.362	94	94	1;0;	PASS:GF	3:128976977-128977065;7:83367484-83368037;
ENSG00000114745::ENSG00000164651	GORASP1::SP8	356.136	22.4	56	4;0;	PASS:GF	3:39097458-39098488;7:20786777-20786885;
ENSG00000114859::ENSG00000123066	CLCN2::MED13L	68.3925	13	13	1;0;	PASS:GF	3:184357777-184357855;12:116237467-116237706;
ENSG00000115128::ENSG00000174292	SF3B6::TNK1	546.923	260	130	0;0;	PASS:GF	2:24067583-24067851;17:7381090-7381113;
ENSG00000116005::ENSG00000167114	PCYOX1::SLC27A4	76.3149	12	12	0;1;	PASS:GF	2:70275510-70275665;9:128340727-128340837;
ENSG00000116161::ENSG00000116871	CACYBP::MAP7D1	470.608	5.55556	75	0;26;	PASS:GF	1:175009920-175010078;1:36156197-36156462;
ENSG00000116221::ENSG00000269586	MRPL37::CT45A10	32.6597	12	6	0;0;	PASS:GF	1:54200218-54200588;X:135881073-135881314;
ENSG00000116685::ENSG00000153936	KIAA2013::HS2ST1	305.26	49	49	0;1;	PASS:GF	1:11919590-11920334;1:86914673-86915159;
ENSG00000116731::ENSG00000142945	PRDM2::KIF2C	248.023	8.2	41	7;2;	PASS:GF	1:13742004-13742156;1:44746405-44746758;
ENSG00000116793::ENSG00000126461	PHTF1::SCAF1	63.5957	10	10	1;0;	PASS:GF	1:113697204-113697724;19:49644829-49645133;
ENSG00000117305::ENSG00000213265	HMGCL::TSGA13	292.54	46	92	2;1;	PASS:GF	1:23801884-23802563;7:130685184-130685359;
ENSG00000117419::ENSG00000132970	ERI3::WASF3	247.265	24.5	49	1;2;	PASS:GF	1:44308308-44308400;13:26665027-26665161;
ENSG00000118492::ENSG00000159882	ADGB::ZNF230	368.855	59	59	1;0;	PASS:GF	6:146598966-146599113;19:44008789-44008915;
ENSG00000119414::ENSG00000182712	PPP6C::CMC4	279.821	44	44	0;1;	PASS:GF	9:125146573-125149920;X:155063965-155064032;
ENSG00000119866::ENSG00000122642	BCL11A::FKBP9	279.821	46	46	1;0;	PASS:GF	2:60545970-60546299;7:33002672-33002838;
ENSG00000119915::ENSG00000180011	ELOVL3::PTGR3	375.215	39.3333	59	2;0;	PASS:GF	10:102226327-102226648;18:75201877-75202341;
ENSG00000120149::ENSG00000152404	MSX2::CWF19L2	680.474	56	112	0;3;	PASS:GF	5:174729157-174730892;11:107392777-107392894;
ENSG00000120278::ENSG00000203797	PLEKHG1::DDO	82.6745	15	15	0;1;	PASS:GF	6:150721087-150721199;6:110391770-110393341;
ENSG00000120306::ENSG00000183421	CYSTM1::RIPK4	311.619	14	49	0;6;	PASS:GF	5:140243303-140243787;21:41743881-41744139;
ENSG00000120784::ENSG00000130429	ZFP30::ARPC1B	541.824	204	102	0;0;	PASS:GF	19:37644598-37644735;7:99385700-99385777;
ENSG00000121807::ENSG00000173208	CCR2::ABCD2	0	35.3333	53	2;0;	PASS:GF	3:46357475-46358467;12:39616987-39617167;
ENSG00000121853::ENSG00000145088	GHSR::EAF2	50.8766	16	8	0;0;	PASS:GF	3:172445132-172445466;3:121835214-121835390;
ENSG00000122025::ENSG00000151748	FLT3::SAV1	489.687	18.2222	82	7;1;	PASS:GF	13:28003273-28004173;14:50665178-50665618;
ENSG00000122223::ENSG00000283977	CD244::	232.21	40	40	1;0;	PASS:GF	1:160830159-160831426;11:6481500-6481554;
ENSG00000122863::ENSG00000145817	CHST3::YIPF5	69.9553	22	11	0;0;	PASS:GF	10:72007171-72013562;5:144169844-144169964;
ENSG00000123358::ENSG00000203786	NR4A1::KPRP	44.517	16	8	0;0;	PASS:GF	12:52022832-52022938;1:152759558-152762052;
ENSG00000124795::ENSG00000224051	DEK::CPTP	127.191	1.81818	20	21;0;	PASS:GF	6:18257950-18258061;1:1327240-1327470;
ENSG00000125247::ENSG00000160993	TMTC4::ALKBH4	273.462	43	43	1;0;	PASS:GF	13:100604870-100605141;7:102464712-102464862;
ENSG00000125378::ENSG00000174226	BMP4::SNX31	298.9	47	47	1;0;	PASS:GF	14:53949740-53950887;8:100649273-100649347;
ENSG00000125398::ENSG00000170043	SOX9::TRAPPC1	356.136	20.4444	92	8;0;	PASS:GF	17:72122712-72122971;17:7931730-7931829;
ENSG00000125482::ENSG00000196090	TTF1::PTPRT	387.934	44.5	89	1;2;	PASS:GF	9:132375620-132376167;20:42791192-42791465;
ENSG00000125821::ENSG00000134905	DTD1::CARS2	237.99	88	44	0;0;	PASS:GF	20:18587892-18588114;13:110662837-110663049;
ENSG00000125970::ENSG00000126858	RALY::RHOT1	271.988	1.5	48	0;63;	PASS:GF	20:34077025-34077128;17:32142559-32142728;
ENSG00000125975::ENSG00000156521	C20orf173::TYSND1	76.3149	12	12	0;1;	PASS:GF	20:35528744-35528878;10:70143841-70143971;
ENSG00000126010::ENSG00000184261	GRPR::KCNK12	69.9553	22	11	0;0;	PASS:GF	X:16150301-16150655;2:47569940-47570938;
ENSG00000126768::ENSG00000178462	TIMM17B::TUBAL3	324.338	53	53	1;0;	PASS:GF	X:48895036-48895100;10:5393097-5394462;
ENSG00000127922::ENSG00000184677	SEM1::ZBTB40	540.564	8.5	85	1;18;	PASS:GF	7:96673738-96673858;1:22491399-22491532;
ENSG00000128185::ENSG00000148803	DGCR6L::FUOM	394.294	124	62	0;0;	PASS:GF	22:20319638-20319798;10:133355153-133355504;
ENSG00000128218::ENSG00000180694	VPREB3::TMEM64	305.26	96	48	0;0;	PASS:GF	22:23752742-23753150;8:90645102-90646082;
ENSG00000128313::ENSG00000153814	APOL5::JAZF1	62.3307	13	13	1;0;	PASS:GF	22:35717871-35717925;7:27830572-27832977;
ENSG00000128463::ENSG00000188611	EMC4::ASAH2	63.5957	20	10	0;0;	PASS:GF	15:34225065-34225199;10:50187310-50187503;
ENSG00000128641::ENSG00000140691	MYO1B::ARMC5	572.362	38	95	0;4;	PASS:GF	2:191414514-191414668;16:31458823-31459998;
ENSG00000128951::ENSG00000136895	DUT::GARNL3	349.777	38.6667	58	1;1;	PASS:GF	15:48341286-48341362;9:127224264-127224337;
ENSG00000129221::ENSG00000186765	AIPL1::FSCN2	297.705	33.3333	50	0;2;	PASS:GF	17:6435007-6435132;17:81535051-81535207;
ENSG00000130182::ENSG00000204363	ZSCAN10::SPANXN5	63.5957	20	10	0;0;	PASS:GF	16:3088889-3090645;X:52797272-52798100;
ENSG00000130338::ENSG00000175182	TULP4::FAM131A	203.904	43	43	1;0;	PASS:GF	6:158312659-158314267;3:184342741-184342859;
ENSG00000130713::ENSG00000135049	EXOSC2::AGTPBP1	217.619	16.3636	90	0;10;	PASS:GF	9:130693805-130693912;9:85546541-85547285;
ENSG00000130876::ENSG00000185650	SLC7A10::ZFP36L1	560.976	23.1111	104	7;1;	PASS:GF	19:33210465-33210615;14:68787659-68790493;
ENSG00000130956::ENSG00000249948	HABP4::GBA3	737.711	48.4	121	0;4;	PASS:GF	9:96489979-96491335;4:22692913-22693072;
ENSG00000131236::ENSG00000173226	CAP1::IQCB1	317.979	102	51	0;0;	PASS:GF	1:40040731-40040800;3:121769993-121770573;
ENSG00000131379::ENSG00000140285	C3orf20::FGF7	50.8766	16	8	0;0;	PASS:GF	3:14761472-14761614;15:49423095-49423439;
ENSG00000131398::ENSG00000166118	KCNC3::SPATA19	175.485	84	42	0;0;	PASS:GF	19:50315507-50316090;11:133845133-133845189;
ENSG00000131634::ENSG00000153162	TMEM204::BMP6	572.362	30.3333	91	0;5;	PASS:GF	16:1533572-1534554;6:7861450-7861598;
ENSG00000131711::ENSG00000170279	MAP1B::C7orf33	101.753	32	16	0;0;	PASS:GF	5:72107485-72107714;7:148615324-148615859;
ENSG00000131845::ENSG00000176204	ZNF304::LRRTM4	209.866	13.2	33	4;0;	PASS:GF	19:57353717-57353850;2:77522108-77522209;
ENSG00000132326::ENSG00000197081	PER2::IGF2R	256.507	13.0667	98	14;0;	PASS:GF	2:238244037-238246523;6:160085060-160085130;
ENSG00000132854::ENSG00000135903	KANK4::PAX3	375.215	24.4	61	1;3;	PASS:GF	1:62237543-62238380;2:222220138-222220353;
ENSG00000133048::ENSG00000148053	CHI3L1::NTRK2	38.1574	3	6	0;3;	PASS:GF	1:203181160-203181284;9:84867242-84867430;
ENSG00000133858::ENSG00000197361	ZFC3H1::FBXL22	93.3107	7.42857	26	6;0;	PASS:GF	12:71631776-71631886;15:63601292-63602418;
ENSG00000134014::ENSG00000168393	ELP3::DTYMK	356.136	56	56	0;1;	PASS:GF	8:28093139-28093232;2:241675741-241676236;
ENSG00000134287::ENSG00000167208	ARF3::SNX20	756.789	240	120	0;0;	PASS:GF	12:48938553-48939108;16:50675768-50675920;
ENSG00000134443::ENSG00000166922	GRP::SCG5	686.834	218	109	0;0;	PASS:GF	18:59230400-59230769;15:32643622-32643817;
ENSG00000134508::ENSG00000188316	CABLES1::ENO4	286.181	46	46	0;1;	PASS:GF	18:23134563-23134650;10:116860792-116860962;
ENSG00000134627::ENSG00000177558	PIWIL4::FAM187B	288.45	20	60	5;0;	PASS:GF	11:94545285-94545817;19:35224799-35225211;
ENSG00000134709::ENSG00000185634	HOOK1::SHC4	413.372	11.3333	68	4;7;	PASS:GF	1:59814860-59815179;15:48823734-48826125;
ENSG00000135049::ENSG00000169246	AGTPBP1::NPIPB3	31.442	5.45455	30	10;0;	PASS:GF	9:85546541-85547285;16:21410933-21411128;
ENSG00000135049::ENSG00000243716	AGTPBP1::NPIPB5	31.5411	5.63636	31	10;0;	PASS:GF	9:85546541-85547285;16:22513621-22513920;
ENSG00000135362::ENSG00000197584	PRR5L::KCNMB2	260.743	92	46	0;0;	PASS:GF	11:36400994-36401284;3:178536204-178536711;
ENSG00000136160::ENSG00000185787	EDNRB::MORF4L1	34.5477	11	11	1;0;	PASS:GF	13:77895480-77898333;15:78872974-78873056;
ENSG00000136160::ENSG00000250641	EDNRB::LY6G6F-LY6G6D	203.029	47	47	1;0;	PASS:GF	13:77903155-77903359;6:31707454-31707786;
ENSG00000136457::ENSG00000169139	CHAD::UBE2V2	38.1574	14	7	0;0;	PASS:GF	17:50465289-50465438;8:48060678-48061416;
ENSG00000136694::ENSG00000170956	IL36A::CEACAM3	50.8766	16	8	0;0;	PASS:GF	2:113006595-113006736;19:41796436-41796740;
ENSG00000136943::ENSG00000165325	CTSV::DEUP1	76.3149	24	12	0;0;	PASS:GF	9:97032948-97033047;11:93329970-93330091;
ENSG00000137261::ENSG00000168288	KIAA0319::MMADHC	63.5957	20	10	0;0;	PASS:GF	6:24544103-24547342;2:149582126-149582270;
ENSG00000137364::ENSG00000171467	TPMT::ZNF318	324.338	26	52	0;3;	PASS:GF	6:18128310-18130779;6:43357122-43357764;
ENSG00000137709::ENSG00000187554	POU2F3::TLR5	423.865	25.1429	88	6;0;	PASS:GF	11:120240193-120240370;1:223109405-223113034;
ENSG00000137806::ENSG00000197580	NDUFAF1::BCO2	277.655	43	86	0;3;	PASS:GF	15:41387493-41387592;11:112193473-112193684;
ENSG00000138079::ENSG00000168066	SLC3A1::SF1	136.805	43	43	1;0;	PASS:GF	2:44275463-44275964;11:64764605-64765517;
ENSG00000138658::ENSG00000186818	ZGRF1::LILRB4	387.934	64	64	0;1;	PASS:GF	4:112623816-112623875;19:54666237-54666314;
ENSG00000138660::ENSG00000163235	AP1AR::TGFA	578.721	61.3333	92	2;0;	PASS:GF	4:112231832-112232173;2:70450655-70450865;
ENSG00000139291::ENSG00000155100	TMEM19::OTUD6B	25.4383	9	9	1;0;	PASS:GF	12:71697451-71697533;8:91084782-91087094;
ENSG00000139832::ENSG00000173818	RAB20::ENDOV	686.834	54.5	109	0;3;	PASS:GF	13:110523069-110524198;17:80415177-80415249;
ENSG00000140319::ENSG00000182379	SRP14::NXPH4	286.181	94	47	0;0;	PASS:GF	15:40036985-40037017;12:57221305-57221543;
ENSG00000140465::ENSG00000158014	CYP1A1::SLC30A2	57.2362	18	9	0;0;	PASS:GF	15:74720732-74720773;1:26044995-26045216;
ENSG00000141255::ENSG00000153976	SPATA22::HS3ST3A1	89.034	28	14	0;0;	PASS:GF	17:3467424-3467553;17:13495688-13496820;
ENSG00000141579::ENSG00000186562	ZNF750::DEFB105A	88.4502	6.75	27	7;0;	PASS:GF	17:82831017-82831485;8:7821965-7822131;
ENSG00000141579::ENSG00000186599	ZNF750::DEFB105B	99.5065	6.75	27	7;0;	PASS:GF	17:82831017-82831485;8:7488133-7488176;
ENSG00000141858::ENSG00000196199	SAMD1::MPHOSPH8	623.238	9.18182	101	2;19;	PASS:GF	19:14088428-14088574;13:19633680-19633960;
ENSG00000142065::ENSG00000160185	ZFP14::UBASH3A	572.362	32.6667	98	4;1;	PASS:GF	19:36336259-36341589;21:42403914-42404057;
ENSG00000142530::ENSG00000197245	GARIN5A::FAM110D	534.204	168	84	0;0;	PASS:GF	19:50476120-50476300;1:26161207-26162627;
ENSG00000143382::ENSG00000186283	ADAMTSL4::TOR3A	485.147	38.4	96	0;4;	PASS:GF	1:150550612-150551890;1:179081376-179082386;
ENSG00000143537::ENSG00000262576	ADAM15::PCDHGA4	38.1574	12	6	0;0;	PASS:GF	1:155061413-155061488;5:141355200-141357620;
ENSG00000143839::ENSG00000150630	REN::VEGFC	604.204	222	111	0;0;	PASS:GF	1:204154815-204155176;4:176792163-176792726;
ENSG00000145982::ENSG00000240403	FARS2::KIR3DL2	57.2362	20	10	0;0;	PASS:GF	6:5261043-5261357;19:54851997-54852281;
ENSG00000146674::ENSG00000205436	IGFBP3::EXOC3L4	44.517	5.33333	8	2;0;	PASS:GF	7:45916549-45916666;14:103103939-103104051;
ENSG00000146872::ENSG00000172354	TLK2::GNB2	515.125	30.3333	91	4;1;	PASS:GF	17:62479024-62479289;7:100676232-100676321;
ENSG00000147601::ENSG00000186104	TERF1::CYP2R1	279.843	31.3333	47	2;0;	PASS:GF	8:73008863-73009204;11:14878037-14878296;
ENSG00000147889::ENSG00000151640	CDKN2A::DPYSL4	57.2362	18	9	0;0;	PASS:GF	9:21970717-21971208;10:132186899-132187101;
ENSG00000148450::ENSG00000165195	MSRB2::PIGA	387.934	62	62	0;1;	PASS:GF	10:23104143-23104243;X:15319450-15321771;
ENSG00000150459::ENSG00000162706	SAP18::CADM3	44.517	7	7	0;1;	PASS:GF	13:21147185-21147412;1:159171758-159171852;
ENSG00000150551::ENSG00000196843	LYPD1::ARID5A	243.656	43	43	0;1;	PASS:GF	2:132644852-132646279;2:96536748-96536829;
ENSG00000151715::ENSG00000176108	TMEM45B::CHMP6	146.27	86	43	0;0;	PASS:GF	11:129852472-129852659;17:80994643-80994689;
ENSG00000152467::ENSG00000197566	ZSCAN1::ZNF624	515.574	200	100	0;0;	PASS:GF	19:58040448-58040543;17:16649657-16649745;
ENSG00000152558::ENSG00000188986	TMEM123::NELFB	483.328	62	93	0;2;	PASS:GF	11:102401538-102401691;9:137264244-137264356;
ENSG00000153201::ENSG00000213619	RANBP2::NDUFS3	273.889	9.2	46	0;9;	PASS:GF	2:108731319-108731473;11:47579073-47579157;
ENSG00000153774::ENSG00000158786	CFDP1::PLA2G2F	294.654	34.6667	52	1;1;	PASS:GF	16:75293709-75294041;1:20139324-20139542;
ENSG00000153823::ENSG00000213639	PID1::PPP1CB	565.266	48	120	2;2;	PASS:GF	2:229023994-229026107;2:28751738-28751819;
ENSG00000154447::ENSG00000223609	SH3RF1::HBD	305.26	16.3333	49	4;1;	PASS:GF	4:169094255-169096686;11:5234340-5234529;
ENSG00000154945::ENSG00000197114	ANKRD40::ZGPAT	57.2362	9	9	1;0;	PASS:GF	17:50693189-50696142;20:63708085-63708187;
ENSG00000155087::ENSG00000183077	ODF1::AFMID	114.472	52	52	0;1;	PASS:GF	8:102560461-102560572;17:78190967-78191059;
ENSG00000155438::ENSG00000164631	NIFK::ZNF12	320.919	61	61	1;0;	PASS:GF	2:121726944-121727911;7:6697688-6697810;
ENSG00000156469::ENSG00000164488	MTERF3::DACT2	114.472	108	54	0;0;	PASS:GF	8:96256961-96257274;6:168292829-168293940;
ENSG00000156795::ENSG00000165810	NTAQ1::BTNL9	616.879	49.5	99	0;3;	PASS:GF	8:123416812-123416931;5:181045465-181045597;
ENSG00000157014::ENSG00000157064	TATDN2::NMNAT2	39.665	7	7	0;1;	PASS:GF	3:10248911-10249066;1:183248235-183252742;
ENSG00000157077::ENSG00000171475	ZFYVE9::WIPF2	534.204	33.6	84	2;2;	PASS:GF	1:52303819-52303924;17:40219356-40219491;
ENSG00000157315::ENSG00000165568	TMED6::AKR1E2	337.057	56	56	0;1;	PASS:GF	16:69351539-69351808;10:4830672-4830841;
ENSG00000157423::ENSG00000197162	HYDIN::ZNF785	77.4034	26	13	0;0;	PASS:GF	16:71066476-71067389;16:30585120-30585249;
ENSG00000158109::ENSG00000161513	TPRG1L::FDXR	76.3149	24	12	0;0;	PASS:GF	1:3627497-3627652;17:74865713-74865819;
ENSG00000159164::ENSG00000170417	SV2A::TMEM182	286.181	52	52	1;0;	PASS:GF	1:149909800-149909889;2:102764328-102764426;
ENSG00000159176::ENSG00000187051	CSRP1::RPS19BP1	38.1574	6	6	1;0;	PASS:GF	1:201483533-201484788;22:39532686-39532854;
ENSG00000160117::ENSG00000275969	ANKLE1::SPATA31A3	153.609	33	33	1;0;	PASS:GF	19:17281698-17281981;9:66986303-66990188;
ENSG00000160282::ENSG00000173068	FTCD::BNC2	228.945	28.6667	43	0;2;	PASS:GF	21:46136262-46136493;9:16435552-16437523;
ENSG00000160321::ENSG00000181523	ZNF208::SGSH	76.3149	26	13	0;0;	PASS:GF	19:21986727-21987062;17:80212066-80212273;
ENSG00000161328::ENSG00000162599	LRRC56::NFIA	89.034	28	14	0;0;	PASS:GF	11:537526-537604;1:61455301-61455873;
ENSG00000161509::ENSG00000274252	GRIN2C::GGTLC3	560.658	17.3333	104	11;0;	PASS:GF	17:74849778-74849932;22:18516338-18516646;
ENSG00000162592::ENSG00000171310	CCDC27::CHST11	50.8766	16	8	0;0;	PASS:GF	1:3752444-3752798;12:104756947-104762013;
ENSG00000162813::ENSG00000169131	BPNT1::ZNF354A	317.979	94	94	1;0;	PASS:GF	1:220069382-220069431;5:178711591-178713622;
ENSG00000163012::ENSG00000184945	ZSWIM2::AQP12A	110.927	28	28	1;0;	PASS:GF	2:186833944-186834029;2:240698154-240698482;
ENSG00000163012::ENSG00000185176	ZSWIM2::AQP12B	73.0305	20	20	1;0;	PASS:GF	2:186833944-186834029;2:240676417-240676745;
ENSG00000163545::ENSG00000187642	NUAK2::PERM1	578.721	14.9231	97	4;8;	PASS:GF	1:205302058-205304512;1:976498-976623;
ENSG00000163606::ENSG00000181143	CD200R1::MUC16	76.3149	12	12	0;1;	PASS:GF	3:112931103-112931170;19:8848844-8849029;
ENSG00000163625::ENSG00000243073	WDFY3::PRAMEF4	38.1574	18	9	0;0;	PASS:GF	4:84849901-84850014;1:12879224-12880111;
ENSG00000163877::ENSG00000165959	SNIP1::CLMN	89.034	28	14	0;0;	PASS:GF	1:37534448-37538020;14:95215639-95215732;
ENSG00000163935::ENSG00000164325	SFMBT1::TMEM174	611.974	54.5	109	3;0;	PASS:GF	3:52934811-52934900;5:73174059-73175142;
ENSG00000164113::ENSG00000172247	ADAD1::C1QTNF4	63.5957	24	12	0;0;	PASS:GF	4:122379012-122379114;11:47589663-47590816;
ENSG00000164363::ENSG00000164694	SLC6A18::FNDC1	553.283	9.27273	102	5;16;	PASS:GF	5:1239447-1239561;6:159169396-159169704;
ENSG00000164542::ENSG00000186187	MATCAP2::ZNRF1	228.618	88	44	0;0;	PASS:GF	7:36366703-36367172;16:75106481-75106570;
ENSG00000164749::ENSG00000166435	HNF4G::XRRA1	572.362	62.6667	94	2;0;	PASS:GF	8:75543805-75543978;11:74906238-74906455;
ENSG00000165084::ENSG00000270765	C8orf34::GAS2L2	317.979	38.6667	58	2;0;	PASS:GF	8:68532982-68533148;17:35747848-35747944;
ENSG00000165194::ENSG00000184515	PCDH19::BEX5	57.2362	18	9	0;0;	PASS:GF	X:100406449-100410272;X:102153707-102154303;
ENSG00000165376::ENSG00000167768	CLDN2::KRT1	616.879	32.6667	98	0;5;	PASS:GF	X:106928050-106930858;12:52677647-52677744;
ENSG00000165660::ENSG00000285943	ABRAXAS2::SPICE1-CFAP44	57.2362	18	9	0;0;	PASS:GF	10:124801784-124801900;3:113427186-113427338;
ENSG00000165802::ENSG00000213760	NSMF::ATP6V1G2	51.3616	0.774194	12	30;0;	PASS:GF	9:137447572-137449490;6:31546476-31546843;
ENSG00000165802::ENSG00000254870	NSMF::ATP6V1G2-DDX39B	61.7913	0.903226	14	30;0;	PASS:GF	9:137447572-137449490;6:31546476-31546843;
ENSG00000166526::ENSG00000167604	ZNF3::NFKBID	122.54	25	50	3;0;	PASS:GF	7:100071929-100072211;19:35895978-35896127;
ENSG00000166930::ENSG00000205884	MS4A5::DEFB136	108.887	9.71429	34	6;0;	PASS:GF	11:60429604-60429826;8:11973936-11974118;
ENSG00000167634::ENSG00000168418	NLRP7::KCNG4	496.047	107	107	0;1;	PASS:GF	19:54923508-54923875;16:84236727-84237524;
ENSG00000168538::ENSG00000239998	TRAPPC11::LILRA2	629.598	22.4	112	3;6;	PASS:GF	4:183659266-183659446;19:54573830-54573911;
ENSG00000169398::ENSG00000172782	PTK2::FADS6	146.27	13.7143	48	6;0;	PASS:GF	8:140735250-140735454;17:74879041-74879585;
ENSG00000169826::ENSG00000180767	CSGALNACT2::CHST13	585.081	26.5714	93	6;0;	PASS:GF	10:43154892-43155809;3:126524282-126524428;
ENSG00000173627::ENSG00000274211	APOBEC4::SOCS7	50.8766	16	8	0;0;	PASS:GF	1:183646405-183648812;17:38352244-38353031;
ENSG00000173744::ENSG00000187546	AGFG1::AGMO	237.99	18.4	46	2;2;	PASS:GF	2:227472151-227472587;7:15200317-15201358;
ENSG00000174177::ENSG00000178531	CTU2::CTXN1	89.034	28	14	0;0;	PASS:GF	16:88706482-88706597;19:7924486-7925559;
ENSG00000174898::ENSG00000204518	CATSPERD::AADACL4	197.147	2.58333	31	23;0;	PASS:GF	19:5727266-5727343;1:12644546-12644714;
ENSG00000174996::ENSG00000180098	KLC2::TRNAU1AP	511.669	47.5	95	2;1;	PASS:GF	11:66258583-66258821;1:28553084-28553136;
ENSG00000175426::ENSG00000216921	PCSK1::FAM240C	432.451	140	70	0;0;	PASS:GF	5:96425819-96425929;2:241893988-241894338;
ENSG00000177119::ENSG00000227500	ANO6::SCAMP4	317.979	35.3333	53	1;1;	PASS:GF	12:45216119-45216390;19:1918887-1918989;
ENSG00000177707::ENSG00000184574	NECTIN3::LPAR5	238.717	96	48	0;0;	PASS:GF	3:111071742-111072178;12:6618834-6621464;
ENSG00000177992::ENSG00000214102	SPATA31E1::WEE2	31.7979	20	10	0;0;	PASS:GF	9:87884912-87888898;7:141719161-141719243;
ENSG00000182035::ENSG00000246705	ADIG::H2AJ	95.0803	48	24	0;0;	PASS:GF	20:38588098-38588462;12:14774581-14774975;
ENSG00000183337::ENSG00000205336	BCOR::ADGRG1	38.1574	12	6	0;0;	PASS:GF	X:40051245-40052399;16:57620095-57620135;
ENSG00000183579::ENSG00000185352	ZNRF3::HS6ST3	311.619	98	49	0;0;	PASS:GF	22:28883591-28884065;13:96832487-96833416;
ENSG00000183798::ENSG00000204849	EMILIN3::SPATA31A1	82.6745	13	13	1;0;	PASS:GF	20:41363637-41363860;9:39357130-39357188;
ENSG00000186496::ENSG00000225663	ZNF396::MCRIP1	39.665	14	7	0;0;	PASS:GF	18:35373875-35374363;17:81822416-81822906;
ENSG00000186575::ENSG00000197124	NF2::ZNF682	292.54	19.6	49	4;0;	PASS:GF	22:29603998-29604111;19:20005666-20007274;
ENSG00000188322::ENSG00000260428	SBK1::SCX	578.721	91	91	0;1;	PASS:GF	16:28320074-28323848;8:144266559-144267182;
ENSG00000188910::ENSG00000241343	GJB3::RPL36A	597.8	95	95	0;1;	PASS:GF	1:34784735-34786368;X:101390823-101391045;
ENSG00000197721::ENSG00000198912	CR1L::C1orf174	362.496	29	58	3;0;	PASS:GF	1:207645172-207645329;1:3889124-3890075;
ENSG00000197933::ENSG00000242220	ZNF823::TCP10L	88.4502	24	24	0;1;	PASS:GF	19:11738816-11739008;21:32576847-32576922;
ENSG00000197933::ENSG00000265590	ZNF823::CFAP298-TCP10L	102.455	54	27	0;0;	PASS:GF	19:11738816-11739008;21:32576847-32576922;
ENSG00000203880::ENSG00000204538	PCMTD2::PSORS1C2	133.551	42	21	0;0;	PASS:GF	20:64265510-64265613;6:31137535-31138308;
ENSG00000204382::ENSG00000234906	XAGE1B::APOC2	19.0891	12	6	0;0;	PASS:GF	X:52512076-52512186;19:44948285-44948532;
ENSG00000204390::ENSG00000250709	HSPA1L::CCDC169-SOHLH2	430.019	22.8571	80	0;6;	PASS:GF	6:31809618-31811985;13:36174474-36174566;
ENSG00000205129::ENSG00000215009	CFAP96::ACSM4	705.913	45.2	113	1;3;	PASS:GF	4:185431980-185432200;12:7304283-7304531;
ENSG00000213930::ENSG00000224902	GALT::GAGE12H	30.8956	16	8	0;0;	PASS:GF	9:34646648-34646785;X:49581650-49581772;
ENSG00000232859::ENSG00000254726	LYRM9::MEX3A	57.2362	18	9	0;0;	PASS:GF	17:27879050-27879489;1:156081544-156081997;
