gene1	gene2	support_reads	chr1	pos1	chr2	pos2
BCAS4	BCAS3	519	20	50795173	17	61368325
ARFGEF2	SULF2	166	20	48922010	20	47736941
VMP1	RPS6KB1	121	17	59839766	17	59914701
RPS6KB1	DIAPH3	24	17	59930172	13	59666845
CA4	TANC2	16	17	60155310	17	63074012
NUP210L	GATAD2B	14	1	154030051	1	153922730
SMARCA4	CARM1	13	19	10986590	19	10904949
BMP7	SULF2	11	20	57265707	20	47786404
ATXN7L3	FAM171A2	11	17	44198016	17	44356588
PAPOLA	AK7	10	14	96502600	14	96437834
APLP2	ST14	10	11	130109426	11	130160060
SENP6	MYO6	9	6	75678581	6	75749424
RAD51C	AHCYL1	9	17	58734115	1	109985171
TTC6	MIPOL1	8	14	37596006	14	37564218
MYO9B	FCHO1	8	19	17102556	19	17770423
DEPDC1B	ELOVL7	7	5	60638748	5	60757645
RSBN1	AP4B1	7	1	113811707	1	113899870
RSBN1	VAV3	6	1	113811709	1	107609385
RBM6	BCAR1	5	3	49999512	16	75243093
RGS17	TBL1XR1	4	6	153044045	3	177197120
PLXDC2	MALRD1	4	10	20001770	10	19790185
TXLNG	SYAP1	4	X	16793784	X	16735221
TAF4	BRIP1	3	20	62064452	17	61849255
ZFP64	ATP1A1	3	20	52052130	1	116396734
CYRIB	ASAP1	3	8	129970942	8	130128090
SGPP2	ULK4	3	2	222474716	3	41249571
NME1-NME2	MBTD1	3	17	51155779	17	51180694
ESR1	CCDC170	2	6	151702003	6	151573171
SLC27A6	ADAMTS19	2	5	129028342	5	129460481
PARD6B	BCAS3	2	20	50731853	17	61368324
PNPLA7	DPH7	2	9	137515380	9	137555649
RAD17	OCLN	2	5	69414029	5	69514105
USP32	PPM1D	2	17	60265407	17	60604729
PFN1	UBB	2	17	4948262	17	16382067
